,series_name,metric,geo,genre_id,genre_name,value
0,q50,arpdau,AU,1001,other_sub_hypercasual,0.019395062534693662
1,q50,arpdau,AU,1002,puzzle_sub_hypercasual,0.04895918217704312
2,q50,arpdau,AU,1003,idle_sub_hypercasual,0.16626393280208984
3,q50,arpdau,AU,1004,io_sub_hypercasual,0.006008826168245113
4,q50,arpdau,AU,1137,action_store,0.018921586307918226
5,q50,arpdau,AU,1138,adventure_store,0.009227751333622454
6,q50,arpdau,AU,1139,casual_store,0.025821345896432
7,q50,arpdau,AU,1140,board_store,0.03416607363876629
8,q50,arpdau,AU,1141,card_store,0.14921612425373357
9,q50,arpdau,AU,1142,casino_store,0.14233423777038365
10,q50,arpdau,AU,1147,puzzle_store,0.04084149359793144
11,q50,arpdau,AU,1148,racing_store,0.0063727252709470565
12,q50,arpdau,AU,1149,role_playing_store,0.018715819791260132
13,q50,arpdau,AU,1150,simulation_store,0.04085867716332472
14,q50,arpdau,AU,1151,sports_store,0.029204497286176703
15,q50,arpdau,AU,1152,strategy_store,0.10059981833731656
16,q50,arpdau,AU,1153,trivia_store,0.020627930050322832
17,q50,arpdau,AU,1154,word_store,0.020397232598662343
18,q50,arpdau,AU,1155,arcade_store,0.009922732207388058
19,q50,arpdau,AU,1156,multiplayer_store,0.005274174067459925
20,q50,arpdau,AU,2201,platformer_sub_arcade,0.006563271301592171
21,q50,arpdau,AU,2202,idler_sub_arcade,0.08404079516512783
22,q50,arpdau,AU,2204,other_arcade_sub_arcade,0.024608277976034418
23,q50,arpdau,AU,2205,tower_defense_sub_arcade,0.21753967813795985
24,q50,arpdau,AU,2206,board_games_sub_arcade,0.12221561195733717
25,q50,arpdau,AU,2303,music_band_sub_lifestyle,0.0027044024262623586
26,q50,arpdau,AU,2401,action_sub_puzzle,0.0019654781445510557
27,q50,arpdau,AU,2402,match3_sub_puzzle,0.036795159514828965
28,q50,arpdau,AU,2403,other_sub_puzzle,0.0624760865894044
29,q50,arpdau,AU,2404,word_games_sub_puzzle,0.03496088320121576
30,q50,arpdau,AU,2405,trivia_games_sub_puzzle,0.05095574389913148
31,q50,arpdau,AU,2406,coloring_games_sub_puzzle,0.007471237813620084
32,q50,arpdau,AU,2501,adventures_sub_simulation,0.15980046929327946
33,q50,arpdau,AU,2503,tycoon_crafting_sub_simulation,0.16851987668446086
34,q50,arpdau,AU,2507,animal_pet_sub_simulation,0.020565524003684228
35,q50,arpdau,AU,3103,snipers_sub_shooter,0.06846540986693271
36,q50,arpdau,AU,3203,fighting_sub_rpg,0.015505243585212793
37,q50,arpdau,AU,3204,mmorpg_sub_rpg,0.08739936268852382
38,q50,arpdau,AU,3301,card_battlers_sub_card,0.11551566006881797
39,q50,arpdau,AU,3405,other_strategy_sub_strategy,1.0020261478458878
40,q50,arpdau,AU,3601,arcade_sports_sub_sports,0.002899082462120981
41,q50,arpdau,AU,3603,other_sports_sub_sports,0.1716833915328816
42,q50,arpdau,AU,3701,arcade_racing_sub_racing,0.08855165361801515
43,q50,arpdau,BR,1001,other_sub_hypercasual,0.005615744021049642
44,q50,arpdau,BR,1002,puzzle_sub_hypercasual,0.015655793362633022
45,q50,arpdau,BR,1003,idle_sub_hypercasual,0.06678067821601677
46,q50,arpdau,BR,1004,io_sub_hypercasual,0.0011430540199096418
47,q50,arpdau,BR,1137,action_store,0.00805795277847034
48,q50,arpdau,BR,1138,adventure_store,0.002307443600775019
49,q50,arpdau,BR,1139,casual_store,0.00460742696325151
50,q50,arpdau,BR,1140,board_store,0.0027088353855878305
51,q50,arpdau,BR,1141,card_store,0.04742264106266344
52,q50,arpdau,BR,1142,casino_store,0.014447860982455154
53,q50,arpdau,BR,1147,puzzle_store,0.005055051691003717
54,q50,arpdau,BR,1148,racing_store,0.004412719285751491
55,q50,arpdau,BR,1149,role_playing_store,0.0037429388529349812
56,q50,arpdau,BR,1150,simulation_store,0.005499290874242397
57,q50,arpdau,BR,1151,sports_store,0.00631570762301717
58,q50,arpdau,BR,1152,strategy_store,0.011760935459665379
59,q50,arpdau,BR,1153,trivia_store,0.0035016466618798493
60,q50,arpdau,BR,1154,word_store,0.008545622137149416
61,q50,arpdau,BR,1155,arcade_store,0.0045692236008856415
62,q50,arpdau,BR,1156,multiplayer_store,0.0007598454131390189
63,q50,arpdau,BR,2201,platformer_sub_arcade,0.007798667595695963
64,q50,arpdau,BR,2202,idler_sub_arcade,0.029282802526803188
65,q50,arpdau,BR,2203,shoot_em_up_sub_arcade,0.02043905348604345
66,q50,arpdau,BR,2204,other_arcade_sub_arcade,0.13330962022962337
67,q50,arpdau,BR,2205,tower_defense_sub_arcade,0.05002540427122823
68,q50,arpdau,BR,2206,board_games_sub_arcade,0.029676340896021655
69,q50,arpdau,BR,2303,music_band_sub_lifestyle,0.00032672539249474313
70,q50,arpdau,BR,2401,action_sub_puzzle,0.0008728734671113751
71,q50,arpdau,BR,2402,match3_sub_puzzle,0.019040775167531887
72,q50,arpdau,BR,2403,other_sub_puzzle,0.6125035401656125
73,q50,arpdau,BR,2404,word_games_sub_puzzle,0.005293906064334491
74,q50,arpdau,BR,2405,trivia_games_sub_puzzle,0.06579904664742926
75,q50,arpdau,BR,2406,coloring_games_sub_puzzle,0.00861676564298725
76,q50,arpdau,BR,2407,hidden_objects_sub_puzzle,0.025397193527464963
77,q50,arpdau,BR,2501,adventures_sub_simulation,0.03219283867086787
78,q50,arpdau,BR,2503,tycoon_crafting_sub_simulation,0.020808408735779778
79,q50,arpdau,BR,2507,animal_pet_sub_simulation,0.002450343343326469
80,q50,arpdau,BR,3103,snipers_sub_shooter,0.0013896240781601276
81,q50,arpdau,BR,3105,other_shooter_sub_shooter,0.023880327221485857
82,q50,arpdau,BR,3203,fighting_sub_rpg,0.00671485558754417
83,q50,arpdau,BR,3204,mmorpg_sub_rpg,0.010361259569481886
84,q50,arpdau,BR,3301,card_battlers_sub_card,0.04634255177631291
85,q50,arpdau,BR,3405,other_strategy_sub_strategy,0.17623819932592558
86,q50,arpdau,BR,3601,arcade_sports_sub_sports,0.0027753315794360376
87,q50,arpdau,BR,3603,other_sports_sub_sports,0.04692555383151698
88,q50,arpdau,BR,3701,arcade_racing_sub_racing,0.17280110135691
89,q50,arpdau,CA,1001,other_sub_hypercasual,0.014150229509189738
90,q50,arpdau,CA,1002,puzzle_sub_hypercasual,0.03083072165813778
91,q50,arpdau,CA,1003,idle_sub_hypercasual,0.10861512520107805
92,q50,arpdau,CA,1004,io_sub_hypercasual,0.0063999012893316415
93,q50,arpdau,CA,1137,action_store,0.018034782064266435
94,q50,arpdau,CA,1138,adventure_store,0.00875993922364453
95,q50,arpdau,CA,1139,casual_store,0.019777724879600018
96,q50,arpdau,CA,1140,board_store,0.027940645329745738
97,q50,arpdau,CA,1141,card_store,0.08332338707114842
98,q50,arpdau,CA,1142,casino_store,0.09692955597505427
99,q50,arpdau,CA,1147,puzzle_store,0.027942987342648322
100,q50,arpdau,CA,1148,racing_store,0.005843644010539453
101,q50,arpdau,CA,1149,role_playing_store,0.01987459655133132
102,q50,arpdau,CA,1150,simulation_store,0.03315283503209299
103,q50,arpdau,CA,1151,sports_store,0.025066662869923605
104,q50,arpdau,CA,1152,strategy_store,0.06730925932606863
105,q50,arpdau,CA,1153,trivia_store,0.015346428015714755
106,q50,arpdau,CA,1154,word_store,0.01337294173280434
107,q50,arpdau,CA,1155,arcade_store,0.009047751413048548
108,q50,arpdau,CA,1156,multiplayer_store,0.00535737238307617
109,q50,arpdau,CA,2201,platformer_sub_arcade,0.006125246453974887
110,q50,arpdau,CA,2202,idler_sub_arcade,0.06403275957924695
111,q50,arpdau,CA,2203,shoot_em_up_sub_arcade,0.06629369856397516
112,q50,arpdau,CA,2204,other_arcade_sub_arcade,0.013940697036494133
113,q50,arpdau,CA,2205,tower_defense_sub_arcade,0.10694744416595335
114,q50,arpdau,CA,2206,board_games_sub_arcade,0.10518482961521997
115,q50,arpdau,CA,2303,music_band_sub_lifestyle,0.0028299749590502458
116,q50,arpdau,CA,2401,action_sub_puzzle,0.0014992421316023532
117,q50,arpdau,CA,2402,match3_sub_puzzle,0.029181145613733115
118,q50,arpdau,CA,2403,other_sub_puzzle,0.0376219348144367
119,q50,arpdau,CA,2404,word_games_sub_puzzle,0.017951815215299625
120,q50,arpdau,CA,2405,trivia_games_sub_puzzle,0.01782024497361425
121,q50,arpdau,CA,2406,coloring_games_sub_puzzle,0.007454471192501308
122,q50,arpdau,CA,2407,hidden_objects_sub_puzzle,0.0430268697597704
123,q50,arpdau,CA,2501,adventures_sub_simulation,0.13327468063946696
124,q50,arpdau,CA,2503,tycoon_crafting_sub_simulation,0.10902821828560103
125,q50,arpdau,CA,2507,animal_pet_sub_simulation,0.018813173983659805
126,q50,arpdau,CA,3103,snipers_sub_shooter,0.053708706166188
127,q50,arpdau,CA,3105,other_shooter_sub_shooter,0.24418392286256457
128,q50,arpdau,CA,3203,fighting_sub_rpg,0.023391364272122774
129,q50,arpdau,CA,3204,mmorpg_sub_rpg,0.10930928808560764
130,q50,arpdau,CA,3301,card_battlers_sub_card,0.08680247263572831
131,q50,arpdau,CA,3405,other_strategy_sub_strategy,0.6261809711454152
132,q50,arpdau,CA,3601,arcade_sports_sub_sports,0.005721336471854378
133,q50,arpdau,CA,3603,other_sports_sub_sports,0.36566987543794394
134,q50,arpdau,CA,3701,arcade_racing_sub_racing,0.08385880486119186
135,q50,arpdau,CN,1001,other_sub_hypercasual,0.07669495777559548
136,q50,arpdau,CN,1002,puzzle_sub_hypercasual,0.024260068443041533
137,q50,arpdau,CN,1003,idle_sub_hypercasual,0.068040184676647
138,q50,arpdau,CN,1004,io_sub_hypercasual,0.002482885720922321
139,q50,arpdau,CN,1137,action_store,0.10387831100188176
140,q50,arpdau,CN,1138,adventure_store,0.14640148965991573
141,q50,arpdau,CN,1139,casual_store,0.04116437314381495
142,q50,arpdau,CN,1140,board_store,0.012451847136636341
143,q50,arpdau,CN,1141,card_store,0.24622059161265436
144,q50,arpdau,CN,1142,casino_store,0.0092422091402105
145,q50,arpdau,CN,1147,puzzle_store,0.01664134030651187
146,q50,arpdau,CN,1148,racing_store,0.011549034988955247
147,q50,arpdau,CN,1149,role_playing_store,0.18536553265826414
148,q50,arpdau,CN,1150,simulation_store,0.08875302301463686
149,q50,arpdau,CN,1151,sports_store,0.08922655641098644
150,q50,arpdau,CN,1152,strategy_store,0.11877885000438777
151,q50,arpdau,CN,1153,trivia_store,0.00338682430447
152,q50,arpdau,CN,1154,word_store,0.05036843608831927
153,q50,arpdau,CN,1155,arcade_store,0.0047591323253876605
154,q50,arpdau,CN,1156,multiplayer_store,0.7618345936584581
155,q50,arpdau,CN,2201,platformer_sub_arcade,0.005270952867357558
156,q50,arpdau,CN,2202,idler_sub_arcade,0.26986702588490274
157,q50,arpdau,CN,2203,shoot_em_up_sub_arcade,0.39463609488060025
158,q50,arpdau,CN,2204,other_arcade_sub_arcade,0.07175712981016175
159,q50,arpdau,CN,2205,tower_defense_sub_arcade,0.1756365898408967
160,q50,arpdau,CN,2401,action_sub_puzzle,0.086234953720122
161,q50,arpdau,CN,2402,match3_sub_puzzle,0.01317392485632502
162,q50,arpdau,CN,2403,other_sub_puzzle,0.0009977388945112502
163,q50,arpdau,CN,2404,word_games_sub_puzzle,0.0572163023365035
164,q50,arpdau,CN,2406,coloring_games_sub_puzzle,0.016028028274713335
165,q50,arpdau,CN,2501,adventures_sub_simulation,0.5118685524545853
166,q50,arpdau,CN,2503,tycoon_crafting_sub_simulation,0.22809480776540011
167,q50,arpdau,CN,3103,snipers_sub_shooter,0.5056080445647235
168,q50,arpdau,CN,3105,other_shooter_sub_shooter,0.09091963618993701
169,q50,arpdau,CN,3203,fighting_sub_rpg,0.03367798004899992
170,q50,arpdau,CN,3204,mmorpg_sub_rpg,0.203527342428712
171,q50,arpdau,CN,3405,other_strategy_sub_strategy,0.6277504100347969
172,q50,arpdau,CN,3601,arcade_sports_sub_sports,0.009806123943570002
173,q50,arpdau,CN,3603,other_sports_sub_sports,0.18719509243965102
174,q50,arpdau,CN,3701,arcade_racing_sub_racing,0.0010693262374838978
175,q50,arpdau,DE,1001,other_sub_hypercasual,0.035811015035494796
176,q50,arpdau,DE,1002,puzzle_sub_hypercasual,0.024838611738876495
177,q50,arpdau,DE,1003,idle_sub_hypercasual,0.07734915734187513
178,q50,arpdau,DE,1004,io_sub_hypercasual,0.002220184217499
179,q50,arpdau,DE,1137,action_store,0.02792205915184634
180,q50,arpdau,DE,1138,adventure_store,0.008958297922390114
181,q50,arpdau,DE,1139,casual_store,0.02327342867493068
182,q50,arpdau,DE,1140,board_store,0.03044496083996891
183,q50,arpdau,DE,1141,card_store,0.11951025838110971
184,q50,arpdau,DE,1142,casino_store,0.07441398954689987
185,q50,arpdau,DE,1147,puzzle_store,0.02552983607822327
186,q50,arpdau,DE,1148,racing_store,0.005121755302085717
187,q50,arpdau,DE,1149,role_playing_store,0.04339009241158254
188,q50,arpdau,DE,1150,simulation_store,0.036509069647415265
189,q50,arpdau,DE,1151,sports_store,0.05598296060085397
190,q50,arpdau,DE,1152,strategy_store,0.08287948707766232
191,q50,arpdau,DE,1153,trivia_store,0.013719782934909322
192,q50,arpdau,DE,1154,word_store,0.012402644709525285
193,q50,arpdau,DE,1155,arcade_store,0.009342669622732794
194,q50,arpdau,DE,1156,multiplayer_store,0.004050580682288944
195,q50,arpdau,DE,2201,platformer_sub_arcade,0.007783720254527642
196,q50,arpdau,DE,2202,idler_sub_arcade,0.03430746916772685
197,q50,arpdau,DE,2203,shoot_em_up_sub_arcade,0.017402492581465447
198,q50,arpdau,DE,2204,other_arcade_sub_arcade,0.0690761084147341
199,q50,arpdau,DE,2205,tower_defense_sub_arcade,0.1148367256625666
200,q50,arpdau,DE,2206,board_games_sub_arcade,0.06401893482480725
201,q50,arpdau,DE,2303,music_band_sub_lifestyle,0.0014406010778915661
202,q50,arpdau,DE,2401,action_sub_puzzle,0.0007133819287571429
203,q50,arpdau,DE,2402,match3_sub_puzzle,0.03140930323790363
204,q50,arpdau,DE,2403,other_sub_puzzle,0.025137397134550585
205,q50,arpdau,DE,2404,word_games_sub_puzzle,0.01297046840841419
206,q50,arpdau,DE,2405,trivia_games_sub_puzzle,0.015012181165217096
207,q50,arpdau,DE,2406,coloring_games_sub_puzzle,0.006438127318922548
208,q50,arpdau,DE,2407,hidden_objects_sub_puzzle,0.06459599278185377
209,q50,arpdau,DE,2501,adventures_sub_simulation,0.12333464384052155
210,q50,arpdau,DE,2503,tycoon_crafting_sub_simulation,0.14170732677237216
211,q50,arpdau,DE,2507,animal_pet_sub_simulation,0.00950386801969597
212,q50,arpdau,DE,3103,snipers_sub_shooter,0.041869260422578984
213,q50,arpdau,DE,3105,other_shooter_sub_shooter,0.1422835330096335
214,q50,arpdau,DE,3203,fighting_sub_rpg,0.02902670920820593
215,q50,arpdau,DE,3204,mmorpg_sub_rpg,0.2686006680212958
216,q50,arpdau,DE,3207,survival_sub_rpg,0.0013773590345360002
217,q50,arpdau,DE,3301,card_battlers_sub_card,0.214812324393577
218,q50,arpdau,DE,3405,other_strategy_sub_strategy,0.5875743252937305
219,q50,arpdau,DE,3601,arcade_sports_sub_sports,0.02048132225839868
220,q50,arpdau,DE,3603,other_sports_sub_sports,0.3019809206932619
221,q50,arpdau,DE,3701,arcade_racing_sub_racing,0.0790839575821539
222,q50,arpdau,ES,1001,other_sub_hypercasual,0.016293941576348
223,q50,arpdau,ES,1002,puzzle_sub_hypercasual,0.027019647879162945
224,q50,arpdau,ES,1003,idle_sub_hypercasual,0.060847176365631465
225,q50,arpdau,ES,1004,io_sub_hypercasual,0.003984036219875284
226,q50,arpdau,ES,1137,action_store,0.01996288937800959
227,q50,arpdau,ES,1138,adventure_store,0.005921356182006057
228,q50,arpdau,ES,1139,casual_store,0.009095369966872624
229,q50,arpdau,ES,1140,board_store,0.005258326149022679
230,q50,arpdau,ES,1141,card_store,0.09358373876378184
231,q50,arpdau,ES,1142,casino_store,0.049690969105598594
232,q50,arpdau,ES,1147,puzzle_store,0.010494034528616341
233,q50,arpdau,ES,1148,racing_store,0.00440316170991917
234,q50,arpdau,ES,1149,role_playing_store,0.017064877888601455
235,q50,arpdau,ES,1150,simulation_store,0.017077393779615906
236,q50,arpdau,ES,1151,sports_store,0.02123463724916362
237,q50,arpdau,ES,1152,strategy_store,0.03558072093974578
238,q50,arpdau,ES,1153,trivia_store,0.005273008041560491
239,q50,arpdau,ES,1154,word_store,0.009742959164545208
240,q50,arpdau,ES,1155,arcade_store,0.008447476568349321
241,q50,arpdau,ES,1156,multiplayer_store,0.002221077696360453
242,q50,arpdau,ES,2201,platformer_sub_arcade,0.005506399012191019
243,q50,arpdau,ES,2202,idler_sub_arcade,0.028535742542121472
244,q50,arpdau,ES,2203,shoot_em_up_sub_arcade,0.04792877020580386
245,q50,arpdau,ES,2204,other_arcade_sub_arcade,0.025960527440883466
246,q50,arpdau,ES,2205,tower_defense_sub_arcade,0.06922694756703777
247,q50,arpdau,ES,2206,board_games_sub_arcade,0.013381368295900548
248,q50,arpdau,ES,2303,music_band_sub_lifestyle,0.0006755266796414505
249,q50,arpdau,ES,2401,action_sub_puzzle,0.0011127806254075002
250,q50,arpdau,ES,2402,match3_sub_puzzle,0.015854368388241436
251,q50,arpdau,ES,2403,other_sub_puzzle,0.04851386235839635
252,q50,arpdau,ES,2404,word_games_sub_puzzle,0.009928207004380435
253,q50,arpdau,ES,2405,trivia_games_sub_puzzle,0.04828804800873344
254,q50,arpdau,ES,2406,coloring_games_sub_puzzle,0.00907598169304487
255,q50,arpdau,ES,2407,hidden_objects_sub_puzzle,0.04774455415774022
256,q50,arpdau,ES,2501,adventures_sub_simulation,0.060986354169732304
257,q50,arpdau,ES,2503,tycoon_crafting_sub_simulation,0.03924643903048546
258,q50,arpdau,ES,2507,animal_pet_sub_simulation,0.004408059962336614
259,q50,arpdau,ES,3103,snipers_sub_shooter,0.018918697886420293
260,q50,arpdau,ES,3105,other_shooter_sub_shooter,0.06585721282994901
261,q50,arpdau,ES,3203,fighting_sub_rpg,0.00809138660831202
262,q50,arpdau,ES,3204,mmorpg_sub_rpg,0.053117734211049324
263,q50,arpdau,ES,3301,card_battlers_sub_card,0.10959922393402305
264,q50,arpdau,ES,3405,other_strategy_sub_strategy,0.46627781014665187
265,q50,arpdau,ES,3601,arcade_sports_sub_sports,0.015202049639800378
266,q50,arpdau,ES,3603,other_sports_sub_sports,0.1881811813674794
267,q50,arpdau,ES,3701,arcade_racing_sub_racing,0.06842004309598915
268,q50,arpdau,FR,1001,other_sub_hypercasual,0.025570751702109533
269,q50,arpdau,FR,1002,puzzle_sub_hypercasual,0.018528946279620793
270,q50,arpdau,FR,1003,idle_sub_hypercasual,0.06241870949004295
271,q50,arpdau,FR,1004,io_sub_hypercasual,0.0016958791956584152
272,q50,arpdau,FR,1137,action_store,0.02755439355207919
273,q50,arpdau,FR,1138,adventure_store,0.008303869797417547
274,q50,arpdau,FR,1139,casual_store,0.014025231091027266
275,q50,arpdau,FR,1140,board_store,0.010468789986238002
276,q50,arpdau,FR,1141,card_store,0.08451087351416436
277,q50,arpdau,FR,1142,casino_store,0.04715254827731333
278,q50,arpdau,FR,1147,puzzle_store,0.012553470233590285
279,q50,arpdau,FR,1148,racing_store,0.00467159409521351
280,q50,arpdau,FR,1149,role_playing_store,0.04982007819488062
281,q50,arpdau,FR,1150,simulation_store,0.029371116851579022
282,q50,arpdau,FR,1151,sports_store,0.03105277004890151
283,q50,arpdau,FR,1152,strategy_store,0.05518277967373747
284,q50,arpdau,FR,1153,trivia_store,0.007171516233627076
285,q50,arpdau,FR,1154,word_store,0.007329310080172378
286,q50,arpdau,FR,1155,arcade_store,0.006991220223683397
287,q50,arpdau,FR,1156,multiplayer_store,0.0031486373811014153
288,q50,arpdau,FR,2201,platformer_sub_arcade,0.007381334890305642
289,q50,arpdau,FR,2202,idler_sub_arcade,0.023455249056678153
290,q50,arpdau,FR,2203,shoot_em_up_sub_arcade,0.15915182179638274
291,q50,arpdau,FR,2204,other_arcade_sub_arcade,0.07586853101293242
292,q50,arpdau,FR,2205,tower_defense_sub_arcade,0.09111347798858815
293,q50,arpdau,FR,2206,board_games_sub_arcade,0.023818892374385718
294,q50,arpdau,FR,2303,music_band_sub_lifestyle,0.001087653680252717
295,q50,arpdau,FR,2401,action_sub_puzzle,0.0004730662611625736
296,q50,arpdau,FR,2402,match3_sub_puzzle,0.011784247442517057
297,q50,arpdau,FR,2403,other_sub_puzzle,0.017788047487583416
298,q50,arpdau,FR,2404,word_games_sub_puzzle,0.006512705560418377
299,q50,arpdau,FR,2405,trivia_games_sub_puzzle,0.016195543720743832
300,q50,arpdau,FR,2406,coloring_games_sub_puzzle,0.006199658975784273
301,q50,arpdau,FR,2407,hidden_objects_sub_puzzle,0.19442696736276988
302,q50,arpdau,FR,2501,adventures_sub_simulation,0.08727259848815709
303,q50,arpdau,FR,2503,tycoon_crafting_sub_simulation,0.07590716998130438
304,q50,arpdau,FR,2507,animal_pet_sub_simulation,0.007511920498391904
305,q50,arpdau,FR,3103,snipers_sub_shooter,0.01703818531980006
306,q50,arpdau,FR,3105,other_shooter_sub_shooter,0.11649087499616441
307,q50,arpdau,FR,3203,fighting_sub_rpg,0.030831757700446834
308,q50,arpdau,FR,3204,mmorpg_sub_rpg,0.17313127949526733
309,q50,arpdau,FR,3301,card_battlers_sub_card,0.17938227731757903
310,q50,arpdau,FR,3405,other_strategy_sub_strategy,0.6426077608015763
311,q50,arpdau,FR,3601,arcade_sports_sub_sports,0.02161758663653104
312,q50,arpdau,FR,3603,other_sports_sub_sports,0.2251392997240117
313,q50,arpdau,FR,3701,arcade_racing_sub_racing,0.09257395387548643
314,q50,arpdau,GB,1001,other_sub_hypercasual,0.01657450666256966
315,q50,arpdau,GB,1002,puzzle_sub_hypercasual,0.023440451878109947
316,q50,arpdau,GB,1003,idle_sub_hypercasual,0.07765166513347292
317,q50,arpdau,GB,1004,io_sub_hypercasual,0.0022276992337936416
318,q50,arpdau,GB,1137,action_store,0.015474311207058285
319,q50,arpdau,GB,1138,adventure_store,0.007253780543991057
320,q50,arpdau,GB,1139,casual_store,0.020487024739002605
321,q50,arpdau,GB,1140,board_store,0.03411344383648232
322,q50,arpdau,GB,1141,card_store,0.09024874657703731
323,q50,arpdau,GB,1142,casino_store,0.10295797755267266
324,q50,arpdau,GB,1147,puzzle_store,0.030802337527743192
325,q50,arpdau,GB,1148,racing_store,0.0038840642370818685
326,q50,arpdau,GB,1149,role_playing_store,0.012668264934437831
327,q50,arpdau,GB,1150,simulation_store,0.03198034272186897
328,q50,arpdau,GB,1151,sports_store,0.03550107553341819
329,q50,arpdau,GB,1152,strategy_store,0.07355250674237092
330,q50,arpdau,GB,1153,trivia_store,0.019420274541698642
331,q50,arpdau,GB,1154,word_store,0.013717182080226624
332,q50,arpdau,GB,1155,arcade_store,0.007875100819950775
333,q50,arpdau,GB,1156,multiplayer_store,0.004102952587200208
334,q50,arpdau,GB,2201,platformer_sub_arcade,0.004319061792387302
335,q50,arpdau,GB,2202,idler_sub_arcade,0.031663074901683456
336,q50,arpdau,GB,2203,shoot_em_up_sub_arcade,0.033129748422652004
337,q50,arpdau,GB,2204,other_arcade_sub_arcade,0.022743414745217738
338,q50,arpdau,GB,2205,tower_defense_sub_arcade,0.09698961642608393
339,q50,arpdau,GB,2206,board_games_sub_arcade,0.09204812333479753
340,q50,arpdau,GB,2303,music_band_sub_lifestyle,0.0016180809745488679
341,q50,arpdau,GB,2401,action_sub_puzzle,0.014323613273462729
342,q50,arpdau,GB,2402,match3_sub_puzzle,0.035568021864588774
343,q50,arpdau,GB,2403,other_sub_puzzle,0.041424790715508704
344,q50,arpdau,GB,2404,word_games_sub_puzzle,0.020136635419882816
345,q50,arpdau,GB,2405,trivia_games_sub_puzzle,0.013174305903323661
346,q50,arpdau,GB,2406,coloring_games_sub_puzzle,0.003014656937578981
347,q50,arpdau,GB,2407,hidden_objects_sub_puzzle,0.10928168168421251
348,q50,arpdau,GB,2501,adventures_sub_simulation,0.12170505839327148
349,q50,arpdau,GB,2503,tycoon_crafting_sub_simulation,0.1049033703468233
350,q50,arpdau,GB,2507,animal_pet_sub_simulation,0.011776224118572872
351,q50,arpdau,GB,3103,snipers_sub_shooter,0.027075904057702094
352,q50,arpdau,GB,3105,other_shooter_sub_shooter,0.16126086829939712
353,q50,arpdau,GB,3203,fighting_sub_rpg,0.016239971914708887
354,q50,arpdau,GB,3204,mmorpg_sub_rpg,0.07843532300134111
355,q50,arpdau,GB,3301,card_battlers_sub_card,0.10662566380272342
356,q50,arpdau,GB,3405,other_strategy_sub_strategy,0.5977132690375916
357,q50,arpdau,GB,3601,arcade_sports_sub_sports,0.011671784931692058
358,q50,arpdau,GB,3603,other_sports_sub_sports,0.19654172371565803
359,q50,arpdau,GB,3701,arcade_racing_sub_racing,0.05921850396132809
360,q50,arpdau,ID,1001,other_sub_hypercasual,0.009113565964794604
361,q50,arpdau,ID,1002,puzzle_sub_hypercasual,0.038593223148718755
362,q50,arpdau,ID,1003,idle_sub_hypercasual,0.08873792467382143
363,q50,arpdau,ID,1004,io_sub_hypercasual,0.006901047221399641
364,q50,arpdau,ID,1137,action_store,0.012233807265495285
365,q50,arpdau,ID,1138,adventure_store,0.004515665922422642
366,q50,arpdau,ID,1139,casual_store,0.005914170079071604
367,q50,arpdau,ID,1140,board_store,0.07068452928697959
368,q50,arpdau,ID,1141,card_store,0.045067025897923496
369,q50,arpdau,ID,1142,casino_store,0.0249609939336954
370,q50,arpdau,ID,1147,puzzle_store,0.008667433335882926
371,q50,arpdau,ID,1148,racing_store,0.0071807165707074155
372,q50,arpdau,ID,1149,role_playing_store,0.003970396751411944
373,q50,arpdau,ID,1150,simulation_store,0.010450462033755756
374,q50,arpdau,ID,1151,sports_store,0.023511947445563775
375,q50,arpdau,ID,1152,strategy_store,0.012259738924280832
376,q50,arpdau,ID,1153,trivia_store,0.007524042217711189
377,q50,arpdau,ID,1154,word_store,0.09740065410783376
378,q50,arpdau,ID,1155,arcade_store,0.00631792378550734
379,q50,arpdau,ID,1156,multiplayer_store,0.0008198410949067925
380,q50,arpdau,ID,2201,platformer_sub_arcade,0.03168966244799589
381,q50,arpdau,ID,2202,idler_sub_arcade,0.0648773503946318
382,q50,arpdau,ID,2203,shoot_em_up_sub_arcade,0.04740292449770011
383,q50,arpdau,ID,2204,other_arcade_sub_arcade,0.17949454531560988
384,q50,arpdau,ID,2205,tower_defense_sub_arcade,0.05484174373699761
385,q50,arpdau,ID,2206,board_games_sub_arcade,0.016922107605781406
386,q50,arpdau,ID,2303,music_band_sub_lifestyle,0.0005429534571329056
387,q50,arpdau,ID,2401,action_sub_puzzle,0.10037928681748026
388,q50,arpdau,ID,2402,match3_sub_puzzle,0.024193951769740624
389,q50,arpdau,ID,2403,other_sub_puzzle,0.014547642556090586
390,q50,arpdau,ID,2404,word_games_sub_puzzle,0.03835367127543358
391,q50,arpdau,ID,2406,coloring_games_sub_puzzle,0.036861135391518
392,q50,arpdau,ID,2407,hidden_objects_sub_puzzle,0.033491784453123605
393,q50,arpdau,ID,2501,adventures_sub_simulation,0.03537503677032844
394,q50,arpdau,ID,2503,tycoon_crafting_sub_simulation,0.05467171625586415
395,q50,arpdau,ID,2507,animal_pet_sub_simulation,0.0021262669866628716
396,q50,arpdau,ID,3103,snipers_sub_shooter,0.04422725240116893
397,q50,arpdau,ID,3105,other_shooter_sub_shooter,0.029478955578035596
398,q50,arpdau,ID,3203,fighting_sub_rpg,0.032913563101513624
399,q50,arpdau,ID,3204,mmorpg_sub_rpg,0.02548726609405306
400,q50,arpdau,ID,3301,card_battlers_sub_card,0.06305843838030276
401,q50,arpdau,ID,3405,other_strategy_sub_strategy,0.2178568493680286
402,q50,arpdau,ID,3601,arcade_sports_sub_sports,0.022099613626226946
403,q50,arpdau,ID,3603,other_sports_sub_sports,0.01149295105076335
404,q50,arpdau,ID,3701,arcade_racing_sub_racing,0.08137810184758176
405,q50,arpdau,IN,1001,other_sub_hypercasual,0.006592582222535039
406,q50,arpdau,IN,1002,puzzle_sub_hypercasual,0.0395253754780277
407,q50,arpdau,IN,1003,idle_sub_hypercasual,0.06154337458386279
408,q50,arpdau,IN,1004,io_sub_hypercasual,0.0018162957407508492
409,q50,arpdau,IN,1137,action_store,0.005511868083392944
410,q50,arpdau,IN,1138,adventure_store,0.0034852328434643023
411,q50,arpdau,IN,1139,casual_store,0.005998247916408491
412,q50,arpdau,IN,1140,board_store,0.00805997665215553
413,q50,arpdau,IN,1141,card_store,0.5274992053453059
414,q50,arpdau,IN,1142,casino_store,0.5501092659278647
415,q50,arpdau,IN,1147,puzzle_store,0.009079409192773549
416,q50,arpdau,IN,1148,racing_store,0.0021371075389456794
417,q50,arpdau,IN,1149,role_playing_store,0.0032479879091578496
418,q50,arpdau,IN,1150,simulation_store,0.008257323400634096
419,q50,arpdau,IN,1151,sports_store,0.013499508406760416
420,q50,arpdau,IN,1152,strategy_store,0.011312959275479019
421,q50,arpdau,IN,1153,trivia_store,0.005049230234000039
422,q50,arpdau,IN,1154,word_store,0.04635109945504311
423,q50,arpdau,IN,1155,arcade_store,0.0035465543266395283
424,q50,arpdau,IN,1156,multiplayer_store,0.0014956511795104718
425,q50,arpdau,IN,2201,platformer_sub_arcade,0.004923427180138482
426,q50,arpdau,IN,2202,idler_sub_arcade,0.07883785203836507
427,q50,arpdau,IN,2203,shoot_em_up_sub_arcade,0.029327675996517127
428,q50,arpdau,IN,2204,other_arcade_sub_arcade,0.04744627838240933
429,q50,arpdau,IN,2205,tower_defense_sub_arcade,0.042348156158521735
430,q50,arpdau,IN,2206,board_games_sub_arcade,0.034709765272743665
431,q50,arpdau,IN,2303,music_band_sub_lifestyle,0.002689182363594699
432,q50,arpdau,IN,2401,action_sub_puzzle,0.0002766487657477003
433,q50,arpdau,IN,2402,match3_sub_puzzle,0.026134645537802096
434,q50,arpdau,IN,2403,other_sub_puzzle,0.04348516786719961
435,q50,arpdau,IN,2404,word_games_sub_puzzle,0.021563777828578146
436,q50,arpdau,IN,2405,trivia_games_sub_puzzle,0.00045566950575400006
437,q50,arpdau,IN,2406,coloring_games_sub_puzzle,0.009707768140249371
438,q50,arpdau,IN,2407,hidden_objects_sub_puzzle,0.1310351271567811
439,q50,arpdau,IN,2501,adventures_sub_simulation,0.03209680884366059
440,q50,arpdau,IN,2503,tycoon_crafting_sub_simulation,0.038836987988856764
441,q50,arpdau,IN,2507,animal_pet_sub_simulation,0.0012510935629609645
442,q50,arpdau,IN,3103,snipers_sub_shooter,0.007567224816832117
443,q50,arpdau,IN,3105,other_shooter_sub_shooter,0.0389870377092226
444,q50,arpdau,IN,3203,fighting_sub_rpg,0.0030981043109597735
445,q50,arpdau,IN,3204,mmorpg_sub_rpg,0.03435021537911683
446,q50,arpdau,IN,3207,survival_sub_rpg,0.197092914022505
447,q50,arpdau,IN,3301,card_battlers_sub_card,0.09402634959735162
448,q50,arpdau,IN,3405,other_strategy_sub_strategy,0.08781537236528615
449,q50,arpdau,IN,3601,arcade_sports_sub_sports,0.008229569125170692
450,q50,arpdau,IN,3603,other_sports_sub_sports,0.004923618009287364
451,q50,arpdau,IN,3701,arcade_racing_sub_racing,0.02820401910875232
452,q50,arpdau,IT,1001,other_sub_hypercasual,0.018671743981564796
453,q50,arpdau,IT,1002,puzzle_sub_hypercasual,0.024275043220986756
454,q50,arpdau,IT,1003,idle_sub_hypercasual,0.07476375397929451
455,q50,arpdau,IT,1004,io_sub_hypercasual,0.0018950523886805096
456,q50,arpdau,IT,1137,action_store,0.02015270753918368
457,q50,arpdau,IT,1138,adventure_store,0.007060042812123585
458,q50,arpdau,IT,1139,casual_store,0.00850675593635236
459,q50,arpdau,IT,1140,board_store,0.00949348123323185
460,q50,arpdau,IT,1141,card_store,0.09487282342694965
461,q50,arpdau,IT,1142,casino_store,0.05220851219298488
462,q50,arpdau,IT,1147,puzzle_store,0.01086438192357485
463,q50,arpdau,IT,1148,racing_store,0.0031564843466516607
464,q50,arpdau,IT,1149,role_playing_store,0.02499051037060774
465,q50,arpdau,IT,1150,simulation_store,0.02019169250652074
466,q50,arpdau,IT,1151,sports_store,0.02238251785885723
467,q50,arpdau,IT,1152,strategy_store,0.04742868719413255
468,q50,arpdau,IT,1153,trivia_store,0.0070891703509672645
469,q50,arpdau,IT,1154,word_store,0.010891977644224528
470,q50,arpdau,IT,1155,arcade_store,0.008053387827737358
471,q50,arpdau,IT,1156,multiplayer_store,0.002293626577358585
472,q50,arpdau,IT,2201,platformer_sub_arcade,0.006000351963266642
473,q50,arpdau,IT,2202,idler_sub_arcade,0.02807190891509823
474,q50,arpdau,IT,2203,shoot_em_up_sub_arcade,0.5021371766924853
475,q50,arpdau,IT,2204,other_arcade_sub_arcade,0.24008097084062205
476,q50,arpdau,IT,2205,tower_defense_sub_arcade,0.06975900230086997
477,q50,arpdau,IT,2206,board_games_sub_arcade,0.02302640714111039
478,q50,arpdau,IT,2303,music_band_sub_lifestyle,0.0007582170647778987
479,q50,arpdau,IT,2401,action_sub_puzzle,0.0006958571281173638
480,q50,arpdau,IT,2402,match3_sub_puzzle,0.013985386166406473
481,q50,arpdau,IT,2403,other_sub_puzzle,0.019168548256318155
482,q50,arpdau,IT,2404,word_games_sub_puzzle,0.012672708138947698
483,q50,arpdau,IT,2405,trivia_games_sub_puzzle,0.08704305190015722
484,q50,arpdau,IT,2406,coloring_games_sub_puzzle,0.007295153138046201
485,q50,arpdau,IT,2407,hidden_objects_sub_puzzle,0.06004990711336425
486,q50,arpdau,IT,2501,adventures_sub_simulation,0.07090306585162554
487,q50,arpdau,IT,2503,tycoon_crafting_sub_simulation,0.062298857202453324
488,q50,arpdau,IT,2507,animal_pet_sub_simulation,0.004429514377600807
489,q50,arpdau,IT,3103,snipers_sub_shooter,0.023404321286018256
490,q50,arpdau,IT,3105,other_shooter_sub_shooter,0.07227118193667094
491,q50,arpdau,IT,3203,fighting_sub_rpg,0.006112008884708454
492,q50,arpdau,IT,3204,mmorpg_sub_rpg,0.11517108471792972
493,q50,arpdau,IT,3301,card_battlers_sub_card,0.12585737807266129
494,q50,arpdau,IT,3405,other_strategy_sub_strategy,0.7358090428489876
495,q50,arpdau,IT,3601,arcade_sports_sub_sports,0.016119265975315038
496,q50,arpdau,IT,3603,other_sports_sub_sports,0.11256421032019712
497,q50,arpdau,IT,3701,arcade_racing_sub_racing,0.04896453668684617
498,q50,arpdau,JP,1001,other_sub_hypercasual,0.011336995521392492
499,q50,arpdau,JP,1002,puzzle_sub_hypercasual,0.03631756763808166
500,q50,arpdau,JP,1003,idle_sub_hypercasual,0.13844458678946242
501,q50,arpdau,JP,1004,io_sub_hypercasual,0.0039043282642946793
502,q50,arpdau,JP,1137,action_store,0.027857709059914644
503,q50,arpdau,JP,1138,adventure_store,0.011053887510216433
504,q50,arpdau,JP,1139,casual_store,0.021244570704616644
505,q50,arpdau,JP,1140,board_store,0.013853096820906038
506,q50,arpdau,JP,1141,card_store,0.25133381907271446
507,q50,arpdau,JP,1142,casino_store,0.17543101256519927
508,q50,arpdau,JP,1147,puzzle_store,0.02470675327004232
509,q50,arpdau,JP,1148,racing_store,0.01639564154313549
510,q50,arpdau,JP,1149,role_playing_store,0.03511439578185898
511,q50,arpdau,JP,1150,simulation_store,0.04019443461552608
512,q50,arpdau,JP,1151,sports_store,0.03777701513122504
513,q50,arpdau,JP,1152,strategy_store,0.06083243801865112
514,q50,arpdau,JP,1153,trivia_store,0.01117652834714717
515,q50,arpdau,JP,1154,word_store,0.07074309293767547
516,q50,arpdau,JP,1155,arcade_store,0.008104100163861566
517,q50,arpdau,JP,1156,multiplayer_store,0.004862873367977245
518,q50,arpdau,JP,2201,platformer_sub_arcade,0.009187885407165095
519,q50,arpdau,JP,2202,idler_sub_arcade,0.1178689998256046
520,q50,arpdau,JP,2204,other_arcade_sub_arcade,0.04554513509151261
521,q50,arpdau,JP,2205,tower_defense_sub_arcade,0.1954420340012316
522,q50,arpdau,JP,2206,board_games_sub_arcade,0.11905018765795579
523,q50,arpdau,JP,2303,music_band_sub_lifestyle,0.001586959111010965
524,q50,arpdau,JP,2401,action_sub_puzzle,0.0027119530872860005
525,q50,arpdau,JP,2402,match3_sub_puzzle,0.027351059718349887
526,q50,arpdau,JP,2403,other_sub_puzzle,0.008403680656781114
527,q50,arpdau,JP,2404,word_games_sub_puzzle,0.03960406613581369
528,q50,arpdau,JP,2406,coloring_games_sub_puzzle,0.007827882713172125
529,q50,arpdau,JP,2407,hidden_objects_sub_puzzle,4.156366776442156e-05
530,q50,arpdau,JP,2501,adventures_sub_simulation,0.08699565244627679
531,q50,arpdau,JP,2503,tycoon_crafting_sub_simulation,0.1985202056416853
532,q50,arpdau,JP,2507,animal_pet_sub_simulation,0.0073393941494357745
533,q50,arpdau,JP,3103,snipers_sub_shooter,0.07795839003864198
534,q50,arpdau,JP,3105,other_shooter_sub_shooter,0.1425817343521352
535,q50,arpdau,JP,3203,fighting_sub_rpg,0.01219317010692019
536,q50,arpdau,JP,3204,mmorpg_sub_rpg,0.15494836314654187
537,q50,arpdau,JP,3301,card_battlers_sub_card,0.5297626842481964
538,q50,arpdau,JP,3405,other_strategy_sub_strategy,0.8210022721061376
539,q50,arpdau,JP,3601,arcade_sports_sub_sports,0.004894834652194566
540,q50,arpdau,JP,3603,other_sports_sub_sports,0.09517383715137791
541,q50,arpdau,JP,3701,arcade_racing_sub_racing,0.10335209643266176
542,q50,arpdau,KR,1001,other_sub_hypercasual,0.05320569529245753
543,q50,arpdau,KR,1002,puzzle_sub_hypercasual,0.029635288944056946
544,q50,arpdau,KR,1003,idle_sub_hypercasual,0.19037129203116268
545,q50,arpdau,KR,1004,io_sub_hypercasual,0.006023470567905321
546,q50,arpdau,KR,1137,action_store,0.02289070803086291
547,q50,arpdau,KR,1138,adventure_store,0.00632354581924336
548,q50,arpdau,KR,1139,casual_store,0.01615108246789487
549,q50,arpdau,KR,1140,board_store,0.01378530443214866
550,q50,arpdau,KR,1141,card_store,0.05751386390232916
551,q50,arpdau,KR,1142,casino_store,0.037321030901820755
552,q50,arpdau,KR,1147,puzzle_store,0.021409886131926115
553,q50,arpdau,KR,1148,racing_store,0.0022090320390815853
554,q50,arpdau,KR,1149,role_playing_store,0.025983648035617906
555,q50,arpdau,KR,1150,simulation_store,0.023842979105429925
556,q50,arpdau,KR,1151,sports_store,0.023686389405877396
557,q50,arpdau,KR,1152,strategy_store,0.05763876645755463
558,q50,arpdau,KR,1153,trivia_store,0.010328602668238266
559,q50,arpdau,KR,1154,word_store,0.012859034106040433
560,q50,arpdau,KR,1155,arcade_store,0.010628091302797738
561,q50,arpdau,KR,1156,multiplayer_store,0.003263590432172132
562,q50,arpdau,KR,2201,platformer_sub_arcade,0.007664525077144567
563,q50,arpdau,KR,2202,idler_sub_arcade,0.07666200891669256
564,q50,arpdau,KR,2204,other_arcade_sub_arcade,0.05959996890235516
565,q50,arpdau,KR,2205,tower_defense_sub_arcade,0.15243229257279206
566,q50,arpdau,KR,2206,board_games_sub_arcade,0.04660979155367861
567,q50,arpdau,KR,2303,music_band_sub_lifestyle,0.0009907381423775285
568,q50,arpdau,KR,2401,action_sub_puzzle,0.0010519991444781177
569,q50,arpdau,KR,2402,match3_sub_puzzle,0.04340122285309825
570,q50,arpdau,KR,2403,other_sub_puzzle,0.014869746199272133
571,q50,arpdau,KR,2404,word_games_sub_puzzle,0.013195705821843127
572,q50,arpdau,KR,2406,coloring_games_sub_puzzle,0.0022443800144602856
573,q50,arpdau,KR,2501,adventures_sub_simulation,0.10138618131682746
574,q50,arpdau,KR,2503,tycoon_crafting_sub_simulation,0.21604634327947816
575,q50,arpdau,KR,2507,animal_pet_sub_simulation,0.011247313035917484
576,q50,arpdau,KR,3103,snipers_sub_shooter,0.06832911973548886
577,q50,arpdau,KR,3105,other_shooter_sub_shooter,0.21893390985427466
578,q50,arpdau,KR,3203,fighting_sub_rpg,0.1506960112033349
579,q50,arpdau,KR,3204,mmorpg_sub_rpg,0.13040858589146495
580,q50,arpdau,KR,3301,card_battlers_sub_card,0.10383208173637563
581,q50,arpdau,KR,3405,other_strategy_sub_strategy,1.5545462654259217
582,q50,arpdau,KR,3601,arcade_sports_sub_sports,0.0035708714583666985
583,q50,arpdau,KR,3603,other_sports_sub_sports,0.1162928847839961
584,q50,arpdau,KR,3701,arcade_racing_sub_racing,0.050685726701547404
585,q50,arpdau,MX,1001,other_sub_hypercasual,0.00886973151771819
586,q50,arpdau,MX,1002,puzzle_sub_hypercasual,0.018417475460454774
587,q50,arpdau,MX,1003,idle_sub_hypercasual,0.08149538016985096
588,q50,arpdau,MX,1004,io_sub_hypercasual,0.0016179190370119434
589,q50,arpdau,MX,1137,action_store,0.008500250032370284
590,q50,arpdau,MX,1138,adventure_store,0.0032310977967464722
591,q50,arpdau,MX,1139,casual_store,0.00577902761501317
592,q50,arpdau,MX,1140,board_store,0.003954013300119
593,q50,arpdau,MX,1141,card_store,0.047049346691688795
594,q50,arpdau,MX,1142,casino_store,0.04556020207963828
595,q50,arpdau,MX,1147,puzzle_store,0.006491851057534246
596,q50,arpdau,MX,1148,racing_store,0.008999936866468095
597,q50,arpdau,MX,1149,role_playing_store,0.0014435828779452455
598,q50,arpdau,MX,1150,simulation_store,0.009443047094477982
599,q50,arpdau,MX,1151,sports_store,0.008552516702929586
600,q50,arpdau,MX,1152,strategy_store,0.015766556671320587
601,q50,arpdau,MX,1153,trivia_store,0.0052418063939823215
602,q50,arpdau,MX,1154,word_store,0.009055819110576208
603,q50,arpdau,MX,1155,arcade_store,0.006359797917926811
604,q50,arpdau,MX,1156,multiplayer_store,0.0009945312127733774
605,q50,arpdau,MX,2201,platformer_sub_arcade,0.006502073236954265
606,q50,arpdau,MX,2202,idler_sub_arcade,0.04984530821572774
607,q50,arpdau,MX,2203,shoot_em_up_sub_arcade,0.06361889464376692
608,q50,arpdau,MX,2204,other_arcade_sub_arcade,0.1418482125420405
609,q50,arpdau,MX,2205,tower_defense_sub_arcade,0.07384936095954615
610,q50,arpdau,MX,2206,board_games_sub_arcade,0.016252660472424792
611,q50,arpdau,MX,2303,music_band_sub_lifestyle,0.000605968790170868
612,q50,arpdau,MX,2401,action_sub_puzzle,0.0016908812495572308
613,q50,arpdau,MX,2402,match3_sub_puzzle,0.02033650257903079
614,q50,arpdau,MX,2403,other_sub_puzzle,0.035653918435046394
615,q50,arpdau,MX,2404,word_games_sub_puzzle,0.008587193069126604
616,q50,arpdau,MX,2405,trivia_games_sub_puzzle,0.04350940248938629
617,q50,arpdau,MX,2406,coloring_games_sub_puzzle,0.009642409292073117
618,q50,arpdau,MX,2407,hidden_objects_sub_puzzle,0.190519529084364
619,q50,arpdau,MX,2501,adventures_sub_simulation,0.035394459628513814
620,q50,arpdau,MX,2503,tycoon_crafting_sub_simulation,0.041270307747618175
621,q50,arpdau,MX,2507,animal_pet_sub_simulation,0.0037576217247680607
622,q50,arpdau,MX,3103,snipers_sub_shooter,0.014608926064526616
623,q50,arpdau,MX,3105,other_shooter_sub_shooter,0.024750457092390023
624,q50,arpdau,MX,3203,fighting_sub_rpg,0.017255181144263096
625,q50,arpdau,MX,3204,mmorpg_sub_rpg,0.008510221612565113
626,q50,arpdau,MX,3207,survival_sub_rpg,0.22608953714370703
627,q50,arpdau,MX,3301,card_battlers_sub_card,0.052648430504866624
628,q50,arpdau,MX,3405,other_strategy_sub_strategy,0.13038053674370628
629,q50,arpdau,MX,3601,arcade_sports_sub_sports,0.002478819769102604
630,q50,arpdau,MX,3603,other_sports_sub_sports,0.11743367177842459
631,q50,arpdau,MX,3701,arcade_racing_sub_racing,0.1867123876456092
632,q50,arpdau,NL,1001,other_sub_hypercasual,0.0420983855750637
633,q50,arpdau,NL,1002,puzzle_sub_hypercasual,0.07355509246930622
634,q50,arpdau,NL,1003,idle_sub_hypercasual,0.11979162409270253
635,q50,arpdau,NL,1004,io_sub_hypercasual,0.004696130100255397
636,q50,arpdau,NL,1137,action_store,0.020996603338877456
637,q50,arpdau,NL,1138,adventure_store,0.007256395885760586
638,q50,arpdau,NL,1139,casual_store,0.013706779794479134
639,q50,arpdau,NL,1140,board_store,0.015623853503787491
640,q50,arpdau,NL,1141,card_store,0.14214238778290944
641,q50,arpdau,NL,1142,casino_store,0.06861541094017809
642,q50,arpdau,NL,1147,puzzle_store,0.015588926200177945
643,q50,arpdau,NL,1148,racing_store,0.0036124583358070005
644,q50,arpdau,NL,1149,role_playing_store,0.022601854707877813
645,q50,arpdau,NL,1150,simulation_store,0.029992549774811306
646,q50,arpdau,NL,1151,sports_store,0.0191600343934297
647,q50,arpdau,NL,1152,strategy_store,0.0677352277327723
648,q50,arpdau,NL,1153,trivia_store,0.007575195257396679
649,q50,arpdau,NL,1154,word_store,0.011972777539102641
650,q50,arpdau,NL,1155,arcade_store,0.011876884106879058
651,q50,arpdau,NL,1156,multiplayer_store,0.0028529050847303588
652,q50,arpdau,NL,2201,platformer_sub_arcade,0.012307705793384435
653,q50,arpdau,NL,2202,idler_sub_arcade,0.049014203265595045
654,q50,arpdau,NL,2204,other_arcade_sub_arcade,0.004501983462573667
655,q50,arpdau,NL,2205,tower_defense_sub_arcade,0.11548487668068697
656,q50,arpdau,NL,2206,board_games_sub_arcade,0.046055383666904155
657,q50,arpdau,NL,2303,music_band_sub_lifestyle,0.0012351917990434907
658,q50,arpdau,NL,2401,action_sub_puzzle,0.0023056438221822502
659,q50,arpdau,NL,2402,match3_sub_puzzle,0.022217862590685075
660,q50,arpdau,NL,2403,other_sub_puzzle,0.01733860327539581
661,q50,arpdau,NL,2404,word_games_sub_puzzle,0.015243825607127642
662,q50,arpdau,NL,2406,coloring_games_sub_puzzle,0.007232881748922668
663,q50,arpdau,NL,2407,hidden_objects_sub_puzzle,0.019603881712077383
664,q50,arpdau,NL,2501,adventures_sub_simulation,0.1056241753468451
665,q50,arpdau,NL,2503,tycoon_crafting_sub_simulation,0.09428416837897086
666,q50,arpdau,NL,2507,animal_pet_sub_simulation,0.006751462056743323
667,q50,arpdau,NL,3103,snipers_sub_shooter,0.06031481178425617
668,q50,arpdau,NL,3203,fighting_sub_rpg,0.06015180990841237
669,q50,arpdau,NL,3204,mmorpg_sub_rpg,0.17860114716339778
670,q50,arpdau,NL,3301,card_battlers_sub_card,0.19392952719952974
671,q50,arpdau,NL,3405,other_strategy_sub_strategy,0.6042104687859692
672,q50,arpdau,NL,3601,arcade_sports_sub_sports,0.0029356683381415666
673,q50,arpdau,NL,3603,other_sports_sub_sports,0.041462803599036
674,q50,arpdau,NL,3701,arcade_racing_sub_racing,0.16581450042598686
675,q50,arpdau,RU,1001,other_sub_hypercasual,0.007836608114446397
676,q50,arpdau,RU,1002,puzzle_sub_hypercasual,0.01841761573008672
677,q50,arpdau,RU,1003,idle_sub_hypercasual,0.07855220732306702
678,q50,arpdau,RU,1004,io_sub_hypercasual,0.002458889027692453
679,q50,arpdau,RU,1137,action_store,0.01039834032236802
680,q50,arpdau,RU,1138,adventure_store,0.0027327653525866607
681,q50,arpdau,RU,1139,casual_store,0.004578789433927001
682,q50,arpdau,RU,1140,board_store,0.019640805654722378
683,q50,arpdau,RU,1141,card_store,0.04242983172155587
684,q50,arpdau,RU,1142,casino_store,0.007879074669586114
685,q50,arpdau,RU,1147,puzzle_store,0.0049902275880344535
686,q50,arpdau,RU,1148,racing_store,0.006655429527143604
687,q50,arpdau,RU,1149,role_playing_store,0.006677168588204114
688,q50,arpdau,RU,1150,simulation_store,0.005441391743867132
689,q50,arpdau,RU,1151,sports_store,0.02132359381660687
690,q50,arpdau,RU,1152,strategy_store,0.015922061646957454
691,q50,arpdau,RU,1153,trivia_store,0.0034399229774213775
692,q50,arpdau,RU,1154,word_store,0.003248588051920736
693,q50,arpdau,RU,1155,arcade_store,0.006425362993207019
694,q50,arpdau,RU,1156,multiplayer_store,0.0007980135662857358
695,q50,arpdau,RU,2201,platformer_sub_arcade,0.015756545734667282
696,q50,arpdau,RU,2202,idler_sub_arcade,0.06321944939530857
697,q50,arpdau,RU,2203,shoot_em_up_sub_arcade,0.07619776823040474
698,q50,arpdau,RU,2204,other_arcade_sub_arcade,0.0242952853178907
699,q50,arpdau,RU,2205,tower_defense_sub_arcade,0.04203638493022498
700,q50,arpdau,RU,2206,board_games_sub_arcade,0.003905104785524906
701,q50,arpdau,RU,2303,music_band_sub_lifestyle,0.00018053371369502395
702,q50,arpdau,RU,2401,action_sub_puzzle,0.007527777963770579
703,q50,arpdau,RU,2402,match3_sub_puzzle,0.010453494065984984
704,q50,arpdau,RU,2403,other_sub_puzzle,1.6561115556975727
705,q50,arpdau,RU,2404,word_games_sub_puzzle,0.005466841302929132
706,q50,arpdau,RU,2405,trivia_games_sub_puzzle,0.017018195853918228
707,q50,arpdau,RU,2406,coloring_games_sub_puzzle,0.019481808603317274
708,q50,arpdau,RU,2407,hidden_objects_sub_puzzle,0.1293450031677876
709,q50,arpdau,RU,2501,adventures_sub_simulation,0.020381925005807454
710,q50,arpdau,RU,2503,tycoon_crafting_sub_simulation,0.02601953873956551
711,q50,arpdau,RU,2507,animal_pet_sub_simulation,0.002123097489068697
712,q50,arpdau,RU,3103,snipers_sub_shooter,0.011082678271903942
713,q50,arpdau,RU,3105,other_shooter_sub_shooter,0.1665437565013472
714,q50,arpdau,RU,3203,fighting_sub_rpg,0.006954316875933624
715,q50,arpdau,RU,3204,mmorpg_sub_rpg,0.022619851294106683
716,q50,arpdau,RU,3301,card_battlers_sub_card,0.03754197964212502
717,q50,arpdau,RU,3405,other_strategy_sub_strategy,0.07437432723287993
718,q50,arpdau,RU,3601,arcade_sports_sub_sports,0.008713210105905698
719,q50,arpdau,RU,3603,other_sports_sub_sports,0.11726754238991255
720,q50,arpdau,RU,3701,arcade_racing_sub_racing,0.07734920640058329
721,q50,arpdau,TH,1001,other_sub_hypercasual,0.025823609330184624
722,q50,arpdau,TH,1002,puzzle_sub_hypercasual,0.04077000293061111
723,q50,arpdau,TH,1003,idle_sub_hypercasual,0.12006726315152717
724,q50,arpdau,TH,1004,io_sub_hypercasual,0.005425114337955227
725,q50,arpdau,TH,1137,action_store,0.015074899688576757
726,q50,arpdau,TH,1138,adventure_store,0.004840406104103887
727,q50,arpdau,TH,1139,casual_store,0.00904075501964404
728,q50,arpdau,TH,1140,board_store,0.07231229502659137
729,q50,arpdau,TH,1141,card_store,0.048346291079377005
730,q50,arpdau,TH,1142,casino_store,0.02840673523527823
731,q50,arpdau,TH,1147,puzzle_store,0.010158361481612624
732,q50,arpdau,TH,1148,racing_store,0.008586634926396358
733,q50,arpdau,TH,1149,role_playing_store,0.006201760916905755
734,q50,arpdau,TH,1150,simulation_store,0.012601330945132284
735,q50,arpdau,TH,1151,sports_store,0.02074361861514217
736,q50,arpdau,TH,1152,strategy_store,0.022640869858894283
737,q50,arpdau,TH,1153,trivia_store,0.0032553879396668116
738,q50,arpdau,TH,1154,word_store,0.008856236466630963
739,q50,arpdau,TH,1155,arcade_store,0.00863811847459236
740,q50,arpdau,TH,1156,multiplayer_store,0.0014342574037278868
741,q50,arpdau,TH,2201,platformer_sub_arcade,0.009960089448349096
742,q50,arpdau,TH,2202,idler_sub_arcade,0.06697649757602567
743,q50,arpdau,TH,2203,shoot_em_up_sub_arcade,0.04779788150289429
744,q50,arpdau,TH,2204,other_arcade_sub_arcade,0.18870926786216594
745,q50,arpdau,TH,2205,tower_defense_sub_arcade,0.11021593501824782
746,q50,arpdau,TH,2206,board_games_sub_arcade,0.045081707548963096
747,q50,arpdau,TH,2303,music_band_sub_lifestyle,0.0005705989312057924
748,q50,arpdau,TH,2401,action_sub_puzzle,0.0014378437060961668
749,q50,arpdau,TH,2402,match3_sub_puzzle,0.024150301706608514
750,q50,arpdau,TH,2403,other_sub_puzzle,0.028165500175845536
751,q50,arpdau,TH,2404,word_games_sub_puzzle,0.0068570664843562645
752,q50,arpdau,TH,2406,coloring_games_sub_puzzle,0.023721998464315802
753,q50,arpdau,TH,2407,hidden_objects_sub_puzzle,0.011698071827428737
754,q50,arpdau,TH,2501,adventures_sub_simulation,0.03312694090297138
755,q50,arpdau,TH,2503,tycoon_crafting_sub_simulation,0.10027572735959928
756,q50,arpdau,TH,2507,animal_pet_sub_simulation,0.004003815224117259
757,q50,arpdau,TH,3103,snipers_sub_shooter,0.13172449773088488
758,q50,arpdau,TH,3105,other_shooter_sub_shooter,0.08017759910153567
759,q50,arpdau,TH,3203,fighting_sub_rpg,0.006785028972198151
760,q50,arpdau,TH,3204,mmorpg_sub_rpg,0.014459433427515397
761,q50,arpdau,TH,3301,card_battlers_sub_card,0.05439322181296987
762,q50,arpdau,TH,3405,other_strategy_sub_strategy,0.2569365978773146
763,q50,arpdau,TH,3601,arcade_sports_sub_sports,0.002071501743250077
764,q50,arpdau,TH,3603,other_sports_sub_sports,0.0027774364586022004
765,q50,arpdau,TH,3701,arcade_racing_sub_racing,0.1269377947761683
766,q50,arpdau,TR,1001,other_sub_hypercasual,0.00423315835664551
767,q50,arpdau,TR,1002,puzzle_sub_hypercasual,0.03354924711228661
768,q50,arpdau,TR,1003,idle_sub_hypercasual,0.034701651712283905
769,q50,arpdau,TR,1004,io_sub_hypercasual,0.0010391855330833019
770,q50,arpdau,TR,1137,action_store,0.007214195232807378
771,q50,arpdau,TR,1138,adventure_store,0.001835367835303906
772,q50,arpdau,TR,1139,casual_store,0.00410763112974934
773,q50,arpdau,TR,1140,board_store,0.047798296552133086
774,q50,arpdau,TR,1141,card_store,0.07103560363880909
775,q50,arpdau,TR,1142,casino_store,0.16248392732742256
776,q50,arpdau,TR,1147,puzzle_store,0.007737020859665869
777,q50,arpdau,TR,1148,racing_store,0.0030128368163101324
778,q50,arpdau,TR,1149,role_playing_store,0.002680380153430019
779,q50,arpdau,TR,1150,simulation_store,0.006327649870943831
780,q50,arpdau,TR,1151,sports_store,0.01075568884047938
781,q50,arpdau,TR,1152,strategy_store,0.01743029163108953
782,q50,arpdau,TR,1153,trivia_store,0.005523642195387208
783,q50,arpdau,TR,1154,word_store,0.002224827473985
784,q50,arpdau,TR,1155,arcade_store,0.0029179625868748496
785,q50,arpdau,TR,1156,multiplayer_store,0.0007699485175105095
786,q50,arpdau,TR,2201,platformer_sub_arcade,0.0030868469193913316
787,q50,arpdau,TR,2202,idler_sub_arcade,0.015747725509933096
788,q50,arpdau,TR,2203,shoot_em_up_sub_arcade,0.006966678846555308
789,q50,arpdau,TR,2204,other_arcade_sub_arcade,0.008345044894733925
790,q50,arpdau,TR,2205,tower_defense_sub_arcade,0.03652679894930274
791,q50,arpdau,TR,2206,board_games_sub_arcade,0.1397715645373932
792,q50,arpdau,TR,2303,music_band_sub_lifestyle,0.0004650181570712695
793,q50,arpdau,TR,2401,action_sub_puzzle,0.01591617222288692
794,q50,arpdau,TR,2402,match3_sub_puzzle,0.05501954507582414
795,q50,arpdau,TR,2403,other_sub_puzzle,0.024331986917002807
796,q50,arpdau,TR,2404,word_games_sub_puzzle,0.007133176658096605
797,q50,arpdau,TR,2406,coloring_games_sub_puzzle,0.003921481934541822
798,q50,arpdau,TR,2407,hidden_objects_sub_puzzle,0.0018883982459941505
799,q50,arpdau,TR,2501,adventures_sub_simulation,0.02148018566890866
800,q50,arpdau,TR,2503,tycoon_crafting_sub_simulation,0.06304771238737099
801,q50,arpdau,TR,2507,animal_pet_sub_simulation,0.0017889752440283127
802,q50,arpdau,TR,3103,snipers_sub_shooter,0.015103425212824867
803,q50,arpdau,TR,3105,other_shooter_sub_shooter,0.012413214421536105
804,q50,arpdau,TR,3203,fighting_sub_rpg,0.030960090614219664
805,q50,arpdau,TR,3204,mmorpg_sub_rpg,0.049357926387239265
806,q50,arpdau,TR,3301,card_battlers_sub_card,0.10615065371804228
807,q50,arpdau,TR,3405,other_strategy_sub_strategy,0.2838747590114187
808,q50,arpdau,TR,3601,arcade_sports_sub_sports,0.006713880351131925
809,q50,arpdau,TR,3603,other_sports_sub_sports,0.009695809287696828
810,q50,arpdau,TR,3701,arcade_racing_sub_racing,0.018771581188567584
811,q50,arpdau,TW,1001,other_sub_hypercasual,0.07999954770887274
812,q50,arpdau,TW,1002,puzzle_sub_hypercasual,0.044968274174473494
813,q50,arpdau,TW,1003,idle_sub_hypercasual,0.2418949554105181
814,q50,arpdau,TW,1004,io_sub_hypercasual,0.009662809738552472
815,q50,arpdau,TW,1137,action_store,0.06500392484412505
816,q50,arpdau,TW,1138,adventure_store,0.10036857344732239
817,q50,arpdau,TW,1139,casual_store,0.032012894322387214
818,q50,arpdau,TW,1140,board_store,0.009924977228699812
819,q50,arpdau,TW,1141,card_store,0.48374433385482946
820,q50,arpdau,TW,1142,casino_store,0.031099834689817286
821,q50,arpdau,TW,1147,puzzle_store,0.017913536930427833
822,q50,arpdau,TW,1148,racing_store,0.03750787922414128
823,q50,arpdau,TW,1149,role_playing_store,0.10331926706124811
824,q50,arpdau,TW,1150,simulation_store,0.044149106389843304
825,q50,arpdau,TW,1151,sports_store,0.8243713276204921
826,q50,arpdau,TW,1152,strategy_store,0.0782388469905513
827,q50,arpdau,TW,1153,trivia_store,0.008037504072030547
828,q50,arpdau,TW,1154,word_store,0.10439835081830952
829,q50,arpdau,TW,1155,arcade_store,0.013237982826693528
830,q50,arpdau,TW,1156,multiplayer_store,0.01118594505801087
831,q50,arpdau,TW,2201,platformer_sub_arcade,0.013347750839072135
832,q50,arpdau,TW,2202,idler_sub_arcade,0.188030514449406
833,q50,arpdau,TW,2204,other_arcade_sub_arcade,0.06381301795586128
834,q50,arpdau,TW,2205,tower_defense_sub_arcade,0.13760803212593237
835,q50,arpdau,TW,2206,board_games_sub_arcade,0.033027315535582066
836,q50,arpdau,TW,2303,music_band_sub_lifestyle,0.002925041737161079
837,q50,arpdau,TW,2401,action_sub_puzzle,0.0077378854621195006
838,q50,arpdau,TW,2402,match3_sub_puzzle,0.01159077487828998
839,q50,arpdau,TW,2403,other_sub_puzzle,0.004531896768128585
840,q50,arpdau,TW,2404,word_games_sub_puzzle,0.07958078901800796
841,q50,arpdau,TW,2406,coloring_games_sub_puzzle,0.030938198789954
842,q50,arpdau,TW,2407,hidden_objects_sub_puzzle,0.03079451774505639
843,q50,arpdau,TW,2501,adventures_sub_simulation,0.05904243325417925
844,q50,arpdau,TW,2503,tycoon_crafting_sub_simulation,0.23796576177186698
845,q50,arpdau,TW,2507,animal_pet_sub_simulation,0.008240041850843451
846,q50,arpdau,TW,3103,snipers_sub_shooter,0.08426410889061221
847,q50,arpdau,TW,3105,other_shooter_sub_shooter,0.23496424634423466
848,q50,arpdau,TW,3203,fighting_sub_rpg,0.13554912951640127
849,q50,arpdau,TW,3204,mmorpg_sub_rpg,0.2683696006041951
850,q50,arpdau,TW,3301,card_battlers_sub_card,0.03668066385618711
851,q50,arpdau,TW,3405,other_strategy_sub_strategy,1.1270242598701035
852,q50,arpdau,TW,3601,arcade_sports_sub_sports,0.024870561381304047
853,q50,arpdau,TW,3603,other_sports_sub_sports,0.07977020620008916
854,q50,arpdau,TW,3701,arcade_racing_sub_racing,0.06747912153830717
855,q50,arpdau,US,1001,other_sub_hypercasual,0.006109048751360698
856,q50,arpdau,US,1002,puzzle_sub_hypercasual,0.036058157027229094
857,q50,arpdau,US,1003,idle_sub_hypercasual,0.09651831869782318
858,q50,arpdau,US,1004,io_sub_hypercasual,0.006492725460557812
859,q50,arpdau,US,1137,action_store,0.015584791634274793
860,q50,arpdau,US,1138,adventure_store,0.008601824557433321
861,q50,arpdau,US,1139,casual_store,0.027178002822129548
862,q50,arpdau,US,1140,board_store,0.05549597797675978
863,q50,arpdau,US,1141,card_store,0.05244887107230099
864,q50,arpdau,US,1142,casino_store,0.16258494980291807
865,q50,arpdau,US,1147,puzzle_store,0.04790574833349029
866,q50,arpdau,US,1148,racing_store,0.01737237571875
867,q50,arpdau,US,1149,role_playing_store,0.012632421432991302
868,q50,arpdau,US,1150,simulation_store,0.030968834461287363
869,q50,arpdau,US,1151,sports_store,0.030795211150491927
870,q50,arpdau,US,1152,strategy_store,0.0821850700931483
871,q50,arpdau,US,1153,trivia_store,0.02066354160845525
872,q50,arpdau,US,1154,word_store,0.02049100771655087
873,q50,arpdau,US,1155,arcade_store,0.005909567657374038
874,q50,arpdau,US,1156,multiplayer_store,0.004211599387140944
875,q50,arpdau,US,2201,platformer_sub_arcade,0.006383059531519246
876,q50,arpdau,US,2202,idler_sub_arcade,0.058796065942001395
877,q50,arpdau,US,2203,shoot_em_up_sub_arcade,0.02205445698043157
878,q50,arpdau,US,2204,other_arcade_sub_arcade,0.008579311260588227
879,q50,arpdau,US,2205,tower_defense_sub_arcade,0.2571957174665143
880,q50,arpdau,US,2206,board_games_sub_arcade,0.04815899824321067
881,q50,arpdau,US,2303,music_band_sub_lifestyle,0.0019188680193666038
882,q50,arpdau,US,2401,action_sub_puzzle,0.06129005310345751
883,q50,arpdau,US,2402,match3_sub_puzzle,0.07263992867045065
884,q50,arpdau,US,2403,other_sub_puzzle,0.036554028606418376
885,q50,arpdau,US,2404,word_games_sub_puzzle,0.02350220247410242
886,q50,arpdau,US,2405,trivia_games_sub_puzzle,0.015507432864392642
887,q50,arpdau,US,2406,coloring_games_sub_puzzle,0.00789359630831668
888,q50,arpdau,US,2407,hidden_objects_sub_puzzle,0.12839122417366947
889,q50,arpdau,US,2501,adventures_sub_simulation,0.06332707162067801
890,q50,arpdau,US,2503,tycoon_crafting_sub_simulation,0.08807283174731821
891,q50,arpdau,US,2507,animal_pet_sub_simulation,0.017901137750051397
892,q50,arpdau,US,3103,snipers_sub_shooter,0.03564646483423193
893,q50,arpdau,US,3105,other_shooter_sub_shooter,0.16250575956991378
894,q50,arpdau,US,3203,fighting_sub_rpg,0.011561935183257793
895,q50,arpdau,US,3204,mmorpg_sub_rpg,0.013046391434575397
896,q50,arpdau,US,3207,survival_sub_rpg,0.02564943194429453
897,q50,arpdau,US,3301,card_battlers_sub_card,0.14669097105554876
898,q50,arpdau,US,3405,other_strategy_sub_strategy,0.3736856036383556
899,q50,arpdau,US,3601,arcade_sports_sub_sports,0.006309089049839113
900,q50,arpdau,US,3603,other_sports_sub_sports,0.07274381008604958
901,q50,arpdau,US,3701,arcade_racing_sub_racing,0.046400487781225644
